Cluster.ID,Base,position_1,position_2,position_3,position_4,position_5,position_6,position_7,position_8,position_9,position_10,position_11,position_12,position_13,position_14,position_15
1,A,0,0,1,0,1,0,0,0,1,0,0,0,0,0,0
1,C,0,1,0,0,0,0,0,1,0,0,0,0,0,0,0
1,G,0,0,0,0,0,0,0,0,0,0,1,0,0,0,0
1,T,1,0,0,1,0,1,1,0,0,1,0,0,0,0,0
2,A,0,0,0,0,0,0,0,2,0,0,0,0,0,0,0
2,C,0,0,0,0,0,0,0,0,2,2,0,0,0,0,0
2,G,0,2,2,0,2,2,0,0,0,0,0,0,0,0,0
2,T,2,0,0,2,0,0,2,0,0,0,2,0,0,0,0
3,A,2,2,2,0,0,2,2,2,0,2,0,0,0,0,0
3,C,0,0,0,0,0,0,0,0,0,0,0,0,0,0,0
3,G,0,0,0,0,2,0,0,0,0,0,2,0,0,0,0
3,T,0,0,0,2,0,0,0,0,2,0,0,0,0,0,0
4,A,0,0,0,7,0,0,7,0,0,7,0,0,0,0,0
4,C,0,0,7,0,7,0,0,7,7,0,0,0,0,0,0
4,G,7,0,0,0,0,0,0,0,0,0,0,0,0,0,0
4,T,0,7,0,0,0,7,0,0,0,0,7,0,0,0,0
7,A,1,0,0,0,1,0,0,0,0,1,0,1,0,0,0
7,C,0,0,0,0,0,0,0,0,0,0,0,0,0,0,0
7,G,0,0,0,1,0,1,1,1,0,0,0,0,1,0,0
7,T,0,1,1,0,0,0,0,0,1,0,1,0,0,1,1
12,A,0,1,1,1,1,1,0,0,0,0,1,0,0,0,0
12,C,0,0,0,0,0,0,0,0,0,0,0,0,0,0,0
12,G,1,0,0,0,0,0,0,0,1,0,0,0,0,0,1
12,T,0,0,0,0,0,0,1,1,0,1,0,1,1,1,0
14,A,0,0,0,1,0,1,0,0,0,0,0,0,0,1,0
14,C,0,0,0,0,0,0,0,1,0,0,0,1,1,0,0
14,G,0,0,1,0,0,0,0,0,0,0,0,0,0,0,0
14,T,1,1,0,0,1,0,1,0,1,1,1,0,0,0,1
17,A,0,1,0,0,0,0,0,0,0,0,0,0,0,0,0
17,C,0,0,0,0,0,0,0,0,0,0,0,0,0,0,0
17,G,1,0,1,0,0,0,1,0,1,1,0,0,0,0,1
17,T,0,0,0,1,1,1,0,1,0,0,1,1,1,1,0
27,A,1,0,0,0,1,0,1,0,0,0,0,0,1,0,0
27,C,0,0,0,0,0,0,0,1,0,1,1,0,0,0,0
27,G,0,0,0,0,0,0,0,0,1,0,0,1,0,0,1
27,T,0,1,1,1,0,1,0,0,0,0,0,0,0,1,0
32,A,0,0,0,0,0,0,0,0,0,0,0,0,0,1,1
32,C,0,0,1,0,0,1,0,0,1,1,0,0,0,0,0
32,G,0,1,0,0,0,0,1,0,0,0,1,0,0,0,0
32,T,1,0,0,1,1,0,0,1,0,0,0,1,1,0,0
36,A,1,0,0,1,0,1,1,1,0,0,0,0,1,1,0
36,C,0,0,0,0,0,0,0,0,0,0,0,0,0,0,0
36,G,0,1,1,0,1,0,0,0,0,0,0,0,0,0,0
36,T,0,0,0,0,0,0,0,0,1,1,1,1,0,0,1
38,A,0,0,0,1,0,0,0,0,0,0,0,0,0,0,0
38,C,0,0,1,0,0,0,0,0,0,0,0,0,1,0,0
38,G,1,0,0,0,0,0,0,0,0,1,0,1,0,0,0
38,T,0,1,0,0,1,1,1,1,1,0,1,0,0,1,1
41,A,0,0,0,0,1,0,1,1,0,0,0,0,0,1,0
41,C,0,0,0,1,0,0,0,0,0,1,0,0,0,0,0
41,G,0,0,1,0,0,1,0,0,0,0,0,0,0,0,0
41,T,1,1,0,0,0,0,0,0,1,0,1,1,1,0,1
45,A,0,0,0,0,0,0,1,0,0,0,0,1,0,0,0
45,C,0,1,0,0,1,0,0,0,0,0,1,0,0,0,0
45,G,0,0,1,0,0,0,0,1,0,1,0,0,0,1,0
45,T,1,0,0,1,0,1,0,0,1,0,0,0,1,0,1
46,A,0,1,1,1,1,0,0,0,0,0,1,0,1,0,0
46,C,1,0,0,0,0,0,0,0,0,0,0,1,0,0,0
46,G,0,0,0,0,0,1,0,0,1,0,0,0,0,0,1
46,T,0,0,0,0,0,0,1,1,0,1,0,0,0,1,0
53,A,0,0,1,1,0,1,1,0,1,1,0,1,0,0,0
53,C,0,0,0,0,0,0,0,1,0,0,0,0,0,0,0
53,G,0,1,0,0,0,0,0,0,0,0,1,0,0,0,1
53,T,1,0,0,0,1,0,0,0,0,0,0,0,1,1,0
55,A,0,1,0,0,0,0,0,0,1,1,0,0,0,1,1
55,C,1,0,0,1,1,0,1,1,0,0,1,0,0,0,0
55,G,0,0,1,0,0,1,0,0,0,0,0,0,0,0,0
55,T,0,0,0,0,0,0,0,0,0,0,0,1,1,0,0
57,A,0,0,0,1,0,0,0,1,0,0,0,0,0,0,0
57,C,0,0,0,0,0,0,0,0,0,0,0,0,0,0,0
57,G,0,0,1,0,1,0,0,0,0,1,1,0,0,0,1
57,T,1,1,0,0,0,1,1,0,1,0,0,1,1,1,0
60,A,2,0,2,2,0,0,0,0,0,0,2,0,2,0,0
60,C,0,0,0,0,2,2,2,0,0,0,0,0,0,0,0
60,G,0,0,0,0,0,0,0,0,0,0,0,0,0,0,2
60,T,0,2,0,0,0,0,0,2,2,2,0,2,0,2,0
63,A,0,0,0,0,0,0,1,0,0,0,0,0,0,1,0
63,C,1,0,0,0,0,1,0,1,0,0,0,1,1,0,1
63,G,0,1,1,0,0,0,0,0,0,0,0,0,0,0,0
63,T,0,0,0,1,1,0,0,0,1,1,1,0,0,0,0
64,A,0,0,0,0,1,1,0,0,0,1,1,1,0,1,0
64,C,0,0,0,0,0,0,0,0,0,0,0,0,0,0,0
64,G,1,0,0,0,0,0,0,0,0,0,0,0,0,0,1
64,T,0,1,1,1,0,0,1,1,1,0,0,0,1,0,0
70,A,0,0,0,1,0,0,0,1,0,0,0,1,1,0,0
70,C,1,0,1,0,0,0,0,0,1,0,0,0,0,1,1
70,G,0,1,0,0,0,0,0,0,0,0,0,0,0,0,0
70,T,0,0,0,0,1,1,1,0,0,1,1,0,0,0,0
71,A,1,1,1,0,0,0,1,0,0,0,0,0,1,1,0
71,C,0,0,0,0,0,0,0,1,0,1,1,0,0,0,0
71,G,0,0,0,0,0,0,0,0,1,0,0,1,0,0,1
71,T,0,0,0,1,1,1,0,0,0,0,0,0,0,0,0
79,A,0,0,0,1,0,0,0,0,0,0,0,0,1,1,0
79,C,0,0,0,0,0,1,0,1,0,0,0,1,0,0,0
79,G,0,1,1,0,0,0,0,0,0,1,0,0,0,0,0
79,T,1,0,0,0,1,0,1,0,1,0,1,0,0,0,1
84,A,0,0,0,1,0,0,0,0,0,0,0,1,0,1,0
84,C,0,0,0,0,0,1,0,1,0,0,1,0,1,0,0
84,G,0,1,0,0,0,0,0,0,0,0,0,0,0,0,0
84,T,1,0,1,0,1,0,1,0,1,1,0,0,0,0,1
86,A,16,0,0,0,0,0,0,16,0,16,0,16,0,16,0
86,C,0,0,0,0,0,0,0,0,16,0,0,0,16,0,0
86,G,0,0,0,0,0,0,0,0,0,0,0,0,0,0,0
86,T,0,16,16,16,16,16,16,0,0,0,16,0,0,0,16
87,A,1,1,1,0,1,1,1,1,0,0,1,1,0,0,0
87,C,0,0,0,0,0,0,0,0,0,0,0,0,0,0,0
87,G,0,0,0,0,0,0,0,0,0,0,0,0,0,0,0
87,T,0,0,0,1,0,0,0,0,1,1,0,0,1,1,1
95,A,0,0,0,0,0,0,0,0,0,0,0,1,1,1,0
95,C,0,0,0,0,0,1,0,0,0,0,0,0,0,0,0
95,G,0,0,0,0,1,0,0,0,1,0,0,0,0,0,0
95,T,1,1,1,1,0,0,1,1,0,1,1,0,0,0,1
102,A,0,0,7,7,0,0,7,7,0,7,0,0,0,7,7
102,C,0,7,0,0,0,7,0,0,0,0,7,0,0,0,0
102,G,7,0,0,0,7,0,0,0,7,0,0,0,7,0,0
102,T,0,0,0,0,0,0,0,0,0,0,0,7,0,0,0
103,A,0,0,0,0,0,0,5,5,5,0,5,0,0,0,5
103,C,5,5,0,5,5,0,0,0,0,0,0,5,0,5,0
103,G,0,0,5,0,0,0,0,0,0,5,0,0,0,0,0
103,T,0,0,0,0,0,5,0,0,0,0,0,0,5,0,0
105,A,0,1,0,1,0,1,0,0,0,0,0,0,0,0,0
105,C,0,0,0,0,1,0,0,0,0,0,1,1,0,0,1
105,G,0,0,0,0,0,0,0,0,0,1,0,0,0,1,0
105,T,1,0,1,0,0,0,1,1,1,0,0,0,1,0,0
108,A,25,0,0,0,0,25,0,25,25,0,0,0,24,0,0
108,C,0,25,25,0,0,0,25,0,0,0,0,0,0,0,25
108,G,0,0,0,0,25,0,0,0,0,25,0,0,0,0,0
108,T,0,0,0,25,0,0,0,0,0,0,25,25,1,25,0
114,A,0,0,2,0,2,2,0,0,0,0,0,0,2,0,0
114,C,0,0,0,0,0,0,2,0,0,0,2,2,0,0,0
114,G,2,2,0,0,0,0,0,0,0,0,0,0,0,0,2
114,T,0,0,0,2,0,0,0,2,2,2,0,0,0,2,0
116,A,1,0,0,0,0,0,1,0,0,0,1,0,0,1,0
116,C,0,0,0,0,0,1,0,1,0,0,0,0,1,0,0
116,G,0,1,0,0,0,0,0,0,0,0,0,0,0,0,0
116,T,0,0,1,1,1,0,0,0,1,1,0,1,0,0,1
120,A,28,29,0,0,0,0,0,0,29,0,0,29,0,0,29
120,C,0,0,0,0,29,0,29,29,0,0,29,0,0,29,0
120,G,1,0,0,0,0,29,0,0,0,0,0,0,29,0,0
120,T,0,0,29,29,0,0,0,0,0,29,0,0,0,0,0
130,A,79,78,78,0,79,0,79,0,0,0,0,0,78,0,0
130,C,0,0,0,0,0,0,0,79,0,79,79,0,0,0,0
130,G,0,0,0,0,0,79,0,0,79,0,0,79,0,0,79
130,T,0,1,1,79,0,0,0,0,0,0,0,0,1,79,0
131,A,0,0,0,1,0,0,1,1,0,1,0,1,0,1,0
131,C,0,0,0,0,0,0,0,0,0,0,0,0,1,0,0
131,G,0,0,1,0,0,0,0,0,0,0,0,0,0,0,0
131,T,1,1,0,0,1,1,0,0,1,0,1,0,0,0,1
132,A,4,0,0,0,0,0,0,0,0,4,0,0,0,4,4
132,C,0,0,0,4,0,0,0,0,4,0,0,0,0,0,0
132,G,0,0,0,0,0,0,0,4,0,0,0,0,0,0,0
132,T,0,4,4,0,4,4,4,0,0,0,4,4,4,0,0
133,A,0,0,4,0,0,0,4,0,0,4,0,4,0,4,4
133,C,0,0,0,0,4,4,0,4,0,0,0,0,4,0,0
133,G,0,0,0,0,0,0,0,0,0,0,4,0,0,0,0
133,T,4,4,0,4,0,0,0,0,4,0,0,0,0,0,0
134,A,39,0,0,39,39,0,39,0,0,0,0,0,39,39,0
134,C,0,39,0,0,0,0,0,39,0,0,0,0,0,0,0
134,G,0,0,0,0,0,0,0,0,0,39,0,39,0,0,0
134,T,0,0,39,0,0,39,0,0,39,0,39,0,0,0,39
135,A,0,0,0,76,0,0,0,76,0,0,0,0,76,76,76
135,C,0,0,76,0,0,76,0,0,75,76,0,0,0,0,0
135,G,0,76,0,0,0,0,76,0,1,0,76,0,0,0,0
135,T,76,0,0,0,76,0,0,0,0,0,0,76,0,0,0
137,A,1,203,202,202,204,201,203,0,1,203,203,204,0,203,0
137,C,0,0,0,0,0,0,0,0,0,1,0,0,0,0,0
137,G,202,1,0,0,0,0,0,0,203,0,0,0,0,1,204
137,T,1,0,2,2,0,3,1,204,0,0,1,0,204,0,0
141,A,0,0,0,0,0,6,0,0,0,6,0,0,0,0,6
141,C,0,0,6,6,0,0,0,0,6,0,0,0,0,0,0
141,G,6,6,0,0,0,0,0,6,0,0,6,0,6,0,0
141,T,0,0,0,0,6,0,6,0,0,0,0,6,0,6,0
142,A,0,0,0,0,3,0,3,3,0,0,0,3,3,3,3
142,C,0,0,3,3,0,0,0,0,0,0,3,0,0,0,0
142,G,3,3,0,0,0,0,0,0,3,3,0,0,0,0,0
142,T,0,0,0,0,0,3,0,0,0,0,0,0,0,0,0
147,A,5,5,0,0,5,5,0,0,0,0,0,0,0,0,5
147,C,0,0,0,0,0,0,0,0,5,0,0,5,0,0,0
147,G,0,0,5,0,0,0,0,5,0,0,0,0,0,0,0
147,T,0,0,0,5,0,0,5,0,0,5,5,0,5,5,0
148,A,0,0,1,1,1,0,1,1,0,0,1,0,0,0,0
148,C,0,0,0,0,0,0,0,0,0,0,0,0,0,0,0
148,G,0,0,0,0,0,0,0,0,0,1,0,0,0,0,1
148,T,1,1,0,0,0,1,0,0,1,0,0,1,1,1,0
149,A,0,0,0,1,0,0,1,0,0,0,1,0,0,1,0
149,C,0,0,0,0,0,1,0,1,0,0,0,0,0,0,0
149,G,0,0,0,0,1,0,0,0,0,0,0,0,0,0,0
149,T,1,1,1,0,0,0,0,0,1,1,0,1,1,0,1
150,A,35,35,35,0,0,0,35,35,0,0,34,35,0,0,0
150,C,0,0,0,0,35,35,0,0,0,0,0,0,1,0,0
150,G,0,0,0,0,0,0,0,0,0,0,0,0,0,0,35
150,T,0,0,0,35,0,0,0,0,35,35,1,0,34,35,0
152,A,0,1,1,1,1,1,1,0,0,0,1,1,0,1,0
152,C,0,0,0,0,0,0,0,0,0,0,0,0,0,0,0
152,G,1,0,0,0,0,0,0,0,0,0,0,0,0,0,0
152,T,0,0,0,0,0,0,0,1,1,1,0,0,1,0,1
153,A,0,121,0,0,0,0,120,0,0,0,0,0,0,119,0
153,C,0,0,121,1,0,0,0,0,121,121,120,121,0,0,121
153,G,121,0,0,0,0,121,1,0,0,0,1,0,121,0,0
153,T,0,0,0,120,121,0,0,121,0,0,0,0,0,2,0
156,A,0,3,2,1,0,0,3,0,0,1,3,3,0,3,0
156,C,0,0,0,0,0,0,0,0,0,0,0,0,0,0,0
156,G,3,0,0,0,0,0,0,0,3,0,0,0,0,0,3
156,T,0,0,1,2,3,3,0,3,0,2,0,0,3,0,0
158,A,96,94,0,0,0,0,96,0,0,0,0,96,0,0,0
158,C,0,0,0,0,0,0,0,96,0,0,96,0,0,0,0
158,G,0,0,0,0,96,96,0,0,0,0,0,0,95,96,0
158,T,0,2,96,96,0,0,0,0,96,96,0,0,1,0,96
161,A,0,869,0,862,0,2,1,0,0,0,0,2,0,0,0
161,C,0,0,871,0,0,0,0,0,0,0,0,0,1,0,0
161,G,872,0,3,0,0,0,871,0,871,871,0,870,1,0,871
161,T,2,5,0,12,874,872,2,874,3,3,874,2,872,874,3
166,A,0,0,2,1,0,2,1,0,0,0,0,1773,0,4,0
166,C,1,1,0,0,0,0,2,1,0,2,2,0,1791,1784,1
166,G,0,0,1786,1774,1788,1790,0,1782,1789,1,0,3,1,2,1
166,T,1791,1791,4,17,4,0,1789,9,3,1789,1790,16,0,2,1790
169,A,0,0,0,1,1,1,0,1,0,0,0,1,0,0,0
169,C,0,0,0,0,0,0,0,0,0,0,1,0,0,0,0
169,G,0,1,0,0,0,0,0,0,0,0,0,0,0,0,1
169,T,1,0,1,0,0,0,1,0,1,1,0,0,1,1,0
170,A,0,15,15,1,0,0,0,0,0,0,15,0,15,15,15
170,C,15,0,0,0,0,0,0,15,15,0,0,0,0,0,0
170,G,0,0,0,0,15,15,15,0,0,0,0,15,0,0,0
170,T,0,0,0,14,0,0,0,0,0,15,0,0,0,0,0
172,A,279,284,0,0,0,0,282,1,0,279,283,0,0,0,0
172,C,1,0,0,0,283,0,0,0,283,0,0,0,0,0,283
172,G,1,0,284,0,0,284,0,282,0,0,1,0,0,283,0
172,T,3,0,0,284,1,0,2,1,1,5,0,284,284,1,1
174,A,0,0,0,0,2,0,0,0,0,2,0,2,2,2,0
174,C,0,2,0,2,0,0,0,0,0,0,0,0,0,0,0
174,G,2,0,2,0,0,2,0,0,0,0,0,0,0,0,0
174,T,0,0,0,0,0,0,2,2,2,0,2,0,0,0,2
176,A,3,0,0,3,3,0,3,0,3,3,3,3,0,3,0
176,C,0,0,0,0,0,3,0,3,0,0,0,0,0,0,0
176,G,0,0,0,0,0,0,0,0,0,0,0,0,0,0,0
176,T,0,3,3,0,0,0,0,0,0,0,0,0,3,0,3
177,A,0,0,0,0,0,0,1,0,0,0,1,0,0,0,0
177,C,0,0,0,1,0,1,0,1,0,0,0,1,1,1,0
177,G,0,1,0,0,0,0,0,0,0,1,0,0,0,0,0
177,T,1,0,1,0,1,0,0,0,1,0,0,0,0,0,1
178,A,0,0,0,156,0,0,157,0,0,0,155,0,152,0,0
178,C,1,0,157,0,0,0,0,0,0,0,0,157,0,0,0
178,G,0,156,0,0,157,156,0,0,157,0,0,0,0,0,156
178,T,156,1,0,1,0,1,0,157,0,157,2,0,5,157,1
182,A,3,0,3,0,3,0,0,0,0,0,0,0,0,0,3
182,C,0,3,0,0,0,3,3,3,0,3,0,0,0,0,0
182,G,0,0,0,3,0,0,0,0,0,0,3,0,3,0,0
182,T,0,0,0,0,0,0,0,0,3,0,0,3,0,3,0
183,A,0,143,0,0,0,0,0,143,0,0,0,0,0,1,0
183,C,143,0,0,0,1,143,0,0,0,142,0,0,0,0,143
183,G,0,0,0,143,0,0,0,0,0,1,143,0,142,0,0
183,T,0,0,143,0,142,0,143,0,143,0,0,143,1,142,0
185,A,0,0,1,1252,2,1248,0,1253,1,0,0,1252,3,0,1
185,C,0,2,0,0,1247,0,0,0,0,0,1255,0,0,0,0
185,G,0,0,1254,0,1,1,0,0,0,1255,0,2,0,1254,1249
185,T,1256,1254,1,4,6,7,1256,3,1255,1,1,2,1253,2,6
186,A,0,5,0,5,5,0,5,0,5,0,5,0,0,5,5
186,C,5,0,0,0,0,5,0,5,0,0,0,5,5,0,0
186,G,0,0,0,0,0,0,0,0,0,5,0,0,0,0,0
186,T,0,0,5,0,0,0,0,0,0,0,0,0,0,0,0
187,A,0,422,0,0,0,0,0,0,0,0,0,420,421,421,0
187,C,0,0,1,0,0,423,0,1,0,422,0,0,0,0,0
187,G,423,0,0,420,423,0,0,0,422,0,0,0,0,0,0
187,T,0,1,422,3,0,0,423,422,1,1,423,3,2,2,423
188,A,123,0,127,127,127,122,0,0,0,0,0,125,0,127,0
188,C,0,125,0,0,0,1,0,0,0,0,0,0,127,0,0
188,G,0,1,0,0,0,1,126,0,0,126,127,0,0,0,0
188,T,4,1,0,0,0,3,1,127,127,1,0,2,0,0,127
190,A,1,1,0,0,0,0,1,1,0,0,1,1,0,0,0
190,C,0,0,0,0,0,1,0,0,0,0,0,0,0,0,0
190,G,0,0,1,0,0,0,0,0,0,0,0,0,0,0,0
190,T,0,0,0,1,1,0,0,0,1,1,0,0,1,1,1
193,A,1,0,0,0,1,0,1,1,0,0,1,1,0,1,0
193,C,0,0,0,0,0,1,0,0,0,0,0,0,0,0,0
193,G,0,0,0,1,0,0,0,0,0,0,0,0,0,0,0
193,T,0,1,1,0,0,0,0,0,1,1,0,0,1,0,1
195,A,0,0,0,1,0,1,0,0,0,0,0,1,0,0,0
195,C,0,1,0,0,1,0,1,0,0,0,1,0,0,0,0
195,G,0,0,1,0,0,0,0,1,0,1,0,0,0,1,0
195,T,1,0,0,0,0,0,0,0,1,0,0,0,1,0,1
198,A,13,0,0,0,0,13,0,0,0,0,0,0,0,0,13
198,C,0,0,13,13,13,0,0,0,0,0,0,0,0,0,0
198,G,0,0,0,0,0,0,0,0,0,13,0,13,0,0,0
198,T,0,13,0,0,0,0,13,13,13,0,13,0,13,13,0
200,A,1,0,0,1,0,0,0,0,0,0,0,1,0,1,0
200,C,0,0,0,0,0,1,0,1,0,0,0,0,1,0,0
200,G,0,0,1,0,0,0,0,0,0,0,0,0,0,0,0
200,T,0,1,0,0,1,0,1,0,1,1,1,0,0,0,1
201,A,0,0,0,0,0,20,19,0,0,20,0,0,20,0,0
201,C,0,0,0,0,0,0,0,0,0,0,0,20,0,0,0
201,G,0,20,20,20,0,0,1,0,20,0,0,0,0,20,19
201,T,20,0,0,0,20,0,0,20,0,0,20,0,0,0,1
202,A,0,0,0,0,0,0,0,0,0,0,0,0,0,0,0
202,C,103,103,103,0,0,103,103,0,103,0,0,103,103,103,103
202,G,0,0,0,102,103,0,0,103,0,103,102,0,0,0,0
202,T,0,0,0,1,0,0,0,0,0,0,1,0,0,0,0
207,A,0,0,0,0,0,0,0,0,0,1,1,0,0,1,0
207,C,0,0,0,0,0,1,0,1,0,0,0,1,1,0,0
207,G,0,1,1,0,1,0,0,0,0,0,0,0,0,0,0
207,T,1,0,0,1,0,0,1,0,1,0,0,0,0,0,1
208,A,0,0,0,0,0,0,0,0,0,0,0,0,0,0,0
208,C,0,0,0,0,0,0,0,0,0,0,0,0,1,1,0
208,G,0,0,0,0,1,1,0,0,1,0,0,0,0,0,0
208,T,1,1,1,1,0,0,1,1,0,1,1,1,0,0,1
211,A,0,0,0,0,0,0,4,0,0,0,4,4,4,4,4
211,C,0,4,0,0,0,4,0,4,0,4,0,0,0,0,0
211,G,0,0,0,4,4,0,0,0,4,0,0,0,0,0,0
211,T,4,0,4,0,0,0,0,0,0,0,0,0,0,0,0
217,A,3,0,0,0,0,0,0,0,0,0,0,3,0,0,0
217,C,0,0,0,0,3,0,0,0,3,0,3,0,0,0,0
217,G,0,0,3,0,0,3,0,3,0,3,0,0,0,0,0
217,T,0,3,0,3,0,0,3,0,0,0,0,0,3,3,3
222,A,1,1,0,0,0,0,1,1,0,0,0,1,0,0,0
222,C,0,0,0,0,0,0,0,0,0,0,0,0,0,0,0
222,G,0,0,0,0,0,1,0,0,0,0,0,0,0,0,0
222,T,0,0,1,1,1,0,0,0,1,1,1,0,1,1,1
223,A,0,0,0,1,0,1,1,1,0,0,1,1,0,1,0
223,C,0,0,0,0,0,0,0,0,0,0,0,0,1,0,0
223,G,0,1,0,0,0,0,0,0,0,0,0,0,0,0,0
223,T,1,0,1,0,1,0,0,0,1,1,0,0,0,0,1
225,A,1,0,0,0,0,0,1,1,0,1,1,1,0,1,0
225,C,0,0,0,0,0,0,0,0,0,0,0,0,1,0,0
225,G,0,0,0,0,0,0,0,0,0,0,0,0,0,0,0
225,T,0,1,1,1,1,1,0,0,1,0,0,0,0,0,1
227,A,14,0,14,14,0,14,14,0,0,14,14,14,1,0,0
227,C,0,0,0,0,0,0,0,0,13,0,0,0,0,0,0
227,G,0,0,0,0,13,0,0,14,0,0,0,0,0,0,0
227,T,0,14,0,0,1,0,0,0,1,0,0,0,13,14,14
234,A,2,2,2,3895,1,6,3889,2,2,3,3900,3,6,3907,2
234,C,1,0,1,0,4,3906,0,3907,2,7,0,3906,3904,1,0
234,G,1,3889,3898,2,3,2,2,6,1,0,4,5,1,0,0
234,T,3912,25,15,19,3908,2,25,1,3911,3906,12,2,5,8,3914
235,A,0,1,0,0,0,1,0,1,0,0,0,0,0,0,0
235,C,1,0,0,0,0,0,0,0,0,1,0,0,0,0,1
235,G,0,0,0,0,0,0,0,0,0,0,1,0,0,0,0
235,T,0,0,1,1,1,0,1,0,1,0,0,1,1,1,0
243,A,2,2,0,2,0,0,0,0,0,0,0,0,0,2,2
243,C,0,0,0,0,0,0,0,2,0,2,0,0,0,0,0
243,G,0,0,0,0,0,0,0,0,2,0,2,2,2,0,0
243,T,0,0,2,0,2,2,2,0,0,0,0,0,0,0,0
244,A,3,0,0,3,0,0,3,0,0,3,0,0,0,0,0
244,C,0,0,0,0,3,0,0,0,0,0,0,0,3,0,0
244,G,0,3,0,0,0,0,0,0,3,0,3,3,0,3,3
244,T,0,0,3,0,0,3,0,3,0,0,0,0,0,0,0
245,A,1,0,0,0,0,0,1,0,0,0,0,0,0,1,0
245,C,0,1,1,0,0,1,0,0,0,0,0,1,1,0,0
245,G,0,0,0,1,1,0,0,1,0,0,0,0,0,0,0
245,T,0,0,0,0,0,0,0,0,1,1,1,0,0,0,1
246,A,0,0,5,0,0,0,5,0,0,0,5,0,0,5,0
246,C,5,0,0,0,5,0,0,0,0,0,0,0,0,0,0
246,G,0,0,0,5,0,0,0,5,0,5,0,5,0,0,0
246,T,0,5,0,0,0,5,0,0,5,0,0,0,5,0,5
247,A,0,0,0,0,3,0,3,3,0,0,0,3,3,3,0
247,C,3,3,0,0,0,0,0,0,0,3,0,0,0,0,0
247,G,0,0,3,0,0,3,0,0,0,0,2,0,0,0,0
247,T,0,0,0,3,0,0,0,0,3,0,1,0,0,0,3
252,A,0,0,1,1,0,1,1,0,0,1,1,1,0,1,0
252,C,0,0,0,0,0,0,0,0,0,0,0,0,0,0,0
252,G,1,0,0,0,0,0,0,0,1,0,0,0,0,0,0
252,T,0,1,0,0,1,0,0,1,0,0,0,0,1,0,1
254,A,0,1,1,1,1,0,1,0,0,1,1,1,1,0,0
254,C,1,0,0,0,0,0,0,0,0,0,0,0,0,0,0
254,G,0,0,0,0,0,1,0,0,0,0,0,0,0,1,0
254,T,0,0,0,0,0,0,0,1,1,0,0,0,0,0,1
266,A,0,1,1,1,1,0,1,0,0,0,1,0,0,1,0
266,C,0,0,0,0,0,0,0,0,0,0,0,0,0,0,0
266,G,1,0,0,0,0,0,0,0,1,0,0,0,0,0,0
266,T,0,0,0,0,0,1,0,1,0,1,0,1,1,0,1
273,A,0,1,0,0,0,0,0,0,0,1,0,1,1,1,0
273,C,0,0,0,0,0,1,0,0,0,0,0,0,0,0,0
273,G,1,0,0,0,0,0,0,0,1,0,0,0,0,0,0
273,T,0,0,1,1,1,0,1,1,0,0,1,0,0,0,1
285,A,0,0,0,1,0,0,1,1,0,0,1,0,0,0,0
285,C,0,0,0,0,0,1,0,0,0,0,0,1,0,1,0
285,G,0,1,1,0,0,0,0,0,0,1,0,0,0,0,0
285,T,1,0,0,0,1,0,0,0,1,0,0,0,1,0,1
293,A,0,7,0,0,0,7,0,0,0,0,7,0,0,6,0
293,C,0,0,7,0,7,0,7,0,0,0,0,0,0,0,7
293,G,0,0,0,0,0,0,0,0,7,0,0,0,7,1,0
293,T,7,0,0,7,0,0,0,7,0,7,0,7,0,0,0
300,A,0,0,1,0,0,0,0,1,1,0,1,1,0,1,1
300,C,0,0,0,1,0,0,0,0,0,0,0,0,0,0,0
300,G,0,0,0,0,0,0,1,0,0,1,0,0,0,0,0
300,T,1,1,0,0,1,1,0,0,0,0,0,0,1,0,0
